<?xml version="1.0" encoding="UTF-8"?><OperationDefinition xmlns="http://hl7.org/fhir"><id value="bulk-submit-data"/><text><status value="extensions"/><div xmlns="http://www.w3.org/1999/xhtml"><h2>Bulk Submit Data</h2><p>OPERATION: Bulk Submit Data</p><p>The official URL for this operation definition is: </p><pre>https://projecttacoma.github.io/bulk-submit-data-docs/OperationDefinition/bulk-submit-data</pre><div><p>The bulk submit-data operation sends a bulk import request based on the data requirements of a FHIR Measure. This operation is modeled off the existing draft of the <a href="https://github.com/smart-on-fhir/bulk-import/blob/master/import-pnp.md">Bulk Data Import Ping and Pull Approach</a>.</p>
</div><p>URL: [base]/Measure/$submit-data</p><p>URL: [base]/Measure/[id]/$submit-data</p><p>Parameters</p><table class="grid"><tr><td><b>Use</b></td><td><b>Name</b></td><td><b>Cardinality</b></td><td><b>Type</b></td><td><b>Binding</b></td><td><b>Documentation</b></td></tr><tr><td>IN</td><td>measureReport</td><td>1..1</td><td><a href="http://hl7.org/fhir/R4/measurereport.html">MeasureReport</a></td><td/><td><div><p>The measure report being submitted</p>
</div></td></tr><tr><td>IN</td><td>exportUrl</td><td>1..1</td><td><a href="http://hl7.org/fhir/R4/datatypes.html#url">url</a></td><td/><td><div><p>The absolute URL of the bulk export endpoint of a Data Provider</p>
</div></td></tr></table></div></text><extension url="http://hl7.org/fhir/StructureDefinition/structuredefinition-fmm"><valueInteger value="0"/></extension><extension url="http://hl7.org/fhir/StructureDefinition/structuredefinition-standards-status"><valueCode value="trial-use"/></extension><url value="https://projecttacoma.github.io/bulk-submit-data-docs/OperationDefinition/bulk-submit-data"/><version value="4.0.1"/><name value="Bulk Submit Data"/><status value="draft"/><kind value="operation"/><date value="2022-03-02T12:03:33-05:00"/><publisher value="The MITRE Corporation"/><description value="The bulk submit-data operation sends a bulk import request based on the data requirements of a FHIR Measure. This operation is modeled off the existing draft of the [Bulk Data Import Ping and Pull Approach](https://github.com/smart-on-fhir/bulk-import/blob/master/import-pnp.md)."/><code value="submit-data"/><resource value="Measure"/><system value="false"/><type value="true"/><instance value="true"/><parameter><name value="measureReport"/><use value="in"/><min value="1"/><max value="1"/><documentation value="The measure report being submitted"/><type value="MeasureReport"/></parameter><parameter><name value="exportUrl"/><use value="in"/><min value="1"/><max value="1"/><documentation value="The absolute URL of the bulk export endpoint of a Data Provider"/><type value="url"/></parameter></OperationDefinition>