{
  "resourceType": "OperationDefinition",
  "id": "measure-bulk-submit-data",
  "text": {
    "status": "extensions",
    "div": "<div xmlns=\"http://www.w3.org/1999/xhtml\"><h2>Bulk Submit Data</h2><p>OPERATION: Bulk Submit Data</p><p>The official URL for this operation definition is: </p><pre>https://projecttacoma.github.io/bulk-submit-data-docs/OperationDefinition/Operation-measure-bulk-submit-data</pre><div><p>The bulk submit-data operation completes a bulk import request based on the data requirements of a FHIR Measure. As with standard <a href=\"http://hl7.org/fhir/R4/operation-measure-submit-data.html\">$submit-data requests</a>, the submitted data must include one MeasureReport resource, and the requests are kicked off using the $submit-data endpoint. However, for a bulk submit-data request, the MeasureReport references the measure-of-interest by canonical URL. It is assumed that the data-of-interest for the measure-of-interest is already stored on the server. If the “prefer”: “respond-async” request header is provided, the data requirements will be retrieved for the measure-of-interest, and a modified bulk import request will kick off using the $import endpoint to import the data that fulfills the data requirements.</p>\n<p>Required header(s):</p>\n<pre><code>'prefer': 'respond-async'\n</code></pre>\n</div><p>URL: [base]/Measure/$submit-data</p><p>URL: [base]/Measure/[id]/$submit-data</p><p>Parameters</p><table class=\"grid\"><tr><td><b>Use</b></td><td><b>Name</b></td><td><b>Cardinality</b></td><td><b>Type</b></td><td><b>Binding</b></td><td><b>Documentation</b></td></tr><tr><td>IN</td><td>measureReport</td><td>1..1</td><td><a href=\"http://hl7.org/fhir/R4/measurereport.html\">MeasureReport</a></td><td/><td><div><p>The measure report being submitted, which references the measure-of-interest by canonical URL</p>\n</div></td></tr><tr><td>IN</td><td>exportUrl</td><td>1..1</td><td><a href=\"http://hl7.org/fhir/R4/datatypes.html#url\">url</a></td><td/><td><div><p>The absolute URL of the bulk export endpoint of a bulk export server</p>\n</div></td></tr></table><div><p>The expected responses from the bulk submit-data operation match the expected responses for the standard <a href=\"https://github.com/smart-on-fhir/bulk-import/blob/master/import-pnp.md\">bulk import operation</a>.</p>\n</div></div>"
  },
  "extension": [
    {
      "url": "http://hl7.org/fhir/StructureDefinition/structuredefinition-fmm",
      "valueInteger": 0
    },
    {
      "url": "http://hl7.org/fhir/StructureDefinition/structuredefinition-standards-status",
      "valueCode": "trial-use"
    }
  ],
  "url": "https://projecttacoma.github.io/bulk-submit-data-docs/OperationDefinition/Operation-measure-bulk-submit-data",
  "version": "4.0.1",
  "name": "Bulk Submit Data",
  "status": "draft",
  "kind": "operation",
  "date": "2022-02-25T10:52:40-05:00",
  "publisher": "The MITRE Corporation",
  "description": "The bulk submit-data operation completes a bulk import request based on the data requirements of a FHIR Measure. As with standard [$submit-data requests](http://hl7.org/fhir/R4/operation-measure-submit-data.html), the submitted data must include one MeasureReport resource, and the requests are kicked off using the $submit-data endpoint. However, for a bulk submit-data request, the MeasureReport references the measure-of-interest by canonical URL. It is assumed that the data-of-interest for the measure-of-interest is already stored on the server. If the “prefer”: “respond-async” request header is provided, the data requirements will be retrieved for the measure-of-interest, and a modified bulk import request will kick off using the $import endpoint to import the data that fulfills the data requirements. \n\nRequired header(s):\n```\n'prefer': 'respond-async'\n```",
  "code": "submit-data",
  "comment": "The expected responses from the bulk submit-data operation match the expected responses for the standard [bulk import operation](https://github.com/smart-on-fhir/bulk-import/blob/master/import-pnp.md).",
  "resource": [
    "Measure"
  ],
  "system": false,
  "type": true,
  "instance": true,
  "parameter": [
    {
      "name": "measureReport",
      "use": "in",
      "min": 1,
      "max": "1",
      "documentation": "The measure report being submitted, which references the measure-of-interest by canonical URL",
      "type": "MeasureReport"
    },
    {
      "name": "exportUrl",
      "use": "in",
      "min": 1,
      "max": "1",
      "documentation": "The absolute URL of the bulk export endpoint of a bulk export server",
      "type": "url"
    }
  ]
}